GCS bucket,blank,,,wall-decor,,https://www.athome.com/on/demandware.static/-/Sites/default/dwd1bab169/at-home-logo.svg,means what?,https://www.athome.com/on/demandware.static/-/Sites/default/dwd1bab169/at-home-logo.svg
GCS bucket,blank,,,wall-decor,,https://www.athome.com/on/demandware.static/-/Sites/default/dw3a7a2079/2020/departments/newBanners/new-walldecorBanner-D.jpg,means what?,https://www.athome.com/on/demandware.static/-/Sites/default/dw3a7a2079/2020/departments/newBanners/new-walldecorBanner-D.jpg
GCS bucket,blank,,,wall-decor,,https://edge.disstg.commercecloud.salesforce.com/dw/image/v2/AAYZ_STG/on/demandware.static/-/Sites-AtHome/default/dwa7ee64c6/images/124272714.jpg?sw=740&sh=740&sm=fit,means what?,https://edge.disstg.commercecloud.salesforce.com/dw/image/v2/AAYZ_STG/on/demandware.static/-/Sites-AtHome/default/dwa7ee64c6/images/124272714.jpg?sw=740&sh=740&sm=fit
GCS bucket,blank,,,wall-decor,,https://edge.disstg.commercecloud.salesforce.com/dw/image/v2/AAYZ_STG/on/demandware.static/-/Sites-AtHome/default/dwa7ee64c6/images/124293781.jpg?sw=740&sh=740&sm=fit,means what?,https://edge.disstg.commercecloud.salesforce.com/dw/image/v2/AAYZ_STG/on/demandware.static/-/Sites-AtHome/default/dwa7ee64c6/images/124293781.jpg?sw=740&sh=740&sm=fit
GCS bucket,blank,,,wall-decor,,https://www.athome.com/dw/image/v2/AAYZ_PRD/on/demandware.static/-/Sites-AtHome/default/dwa7ee64c6/images/124255382.jpg?sw=740&sh=740&sm=fit,means what?,https://www.athome.com/dw/image/v2/AAYZ_PRD/on/demandware.static/-/Sites-AtHome/default/dwa7ee64c6/images/124255382.jpg?sw=740&sh=740&sm=fit
GCS bucket,blank,,,wall-decor,,https://edge.disstg.commercecloud.salesforce.com/dw/image/v2/AAYZ_STG/on/demandware.static/-/Sites-AtHome/default/dwa7ee64c6/images/124287629.jpg?sw=740&sh=740&sm=fit,means what?,https://edge.disstg.commercecloud.salesforce.com/dw/image/v2/AAYZ_STG/on/demandware.static/-/Sites-AtHome/default/dwa7ee64c6/images/124287629.jpg?sw=740&sh=740&sm=fit
GCS bucket,blank,,,wall-decor,,https://edge.disstg.commercecloud.salesforce.com/dw/image/v2/AAYZ_STG/on/demandware.static/-/Sites-AtHome/default/dwa7ee64c6/images/124265701.jpg?sw=740&sh=740&sm=fit,means what?,https://edge.disstg.commercecloud.salesforce.com/dw/image/v2/AAYZ_STG/on/demandware.static/-/Sites-AtHome/default/dwa7ee64c6/images/124265701.jpg?sw=740&sh=740&sm=fit
GCS bucket,blank,,,wall-decor,,https://edge.disstg.commercecloud.salesforce.com/dw/image/v2/AAYZ_STG/on/demandware.static/-/Sites-AtHome/default/dwa7ee64c6/images/124288416.jpg?sw=740&sh=740&sm=fit,means what?,https://edge.disstg.commercecloud.salesforce.com/dw/image/v2/AAYZ_STG/on/demandware.static/-/Sites-AtHome/default/dwa7ee64c6/images/124288416.jpg?sw=740&sh=740&sm=fit
GCS bucket,blank,,,wall-decor,,https://edge.disstg.commercecloud.salesforce.com/dw/image/v2/AAYZ_STG/on/demandware.static/-/Sites-AtHome/default/dwa7ee64c6/images/124295055.jpg?sw=740&sh=740&sm=fit,means what?,https://edge.disstg.commercecloud.salesforce.com/dw/image/v2/AAYZ_STG/on/demandware.static/-/Sites-AtHome/default/dwa7ee64c6/images/124295055.jpg?sw=740&sh=740&sm=fit
GCS bucket,blank,,,wall-decor,,https://edge.disstg.commercecloud.salesforce.com/dw/image/v2/AAYZ_STG/on/demandware.static/-/Sites-AtHome/default/dwa7ee64c6/images/124275881.jpg?sw=740&sh=740&sm=fit,means what?,https://edge.disstg.commercecloud.salesforce.com/dw/image/v2/AAYZ_STG/on/demandware.static/-/Sites-AtHome/default/dwa7ee64c6/images/124275881.jpg?sw=740&sh=740&sm=fit
GCS bucket,blank,,,wall-decor,,https://edge.disstg.commercecloud.salesforce.com/dw/image/v2/AAYZ_STG/on/demandware.static/-/Sites-AtHome/default/dwa7ee64c6/images/124224011.jpg?sw=740&sh=740&sm=fit,means what?,https://edge.disstg.commercecloud.salesforce.com/dw/image/v2/AAYZ_STG/on/demandware.static/-/Sites-AtHome/default/dwa7ee64c6/images/124224011.jpg?sw=740&sh=740&sm=fit
GCS bucket,blank,,,wall-decor,,https://edge.disstg.commercecloud.salesforce.com/dw/image/v2/AAYZ_STG/on/demandware.static/-/Sites-AtHome/default/dwa7ee64c6/images/124010787.jpg?sw=740&sh=740&sm=fit,means what?,https://edge.disstg.commercecloud.salesforce.com/dw/image/v2/AAYZ_STG/on/demandware.static/-/Sites-AtHome/default/dwa7ee64c6/images/124010787.jpg?sw=740&sh=740&sm=fit
GCS bucket,blank,,,wall-decor,,https://www.athome.com/on/demandware.static/-/Sites/default/dw9ef4961b/2020/special-house-tiles/clearance.gif,means what?,https://www.athome.com/on/demandware.static/-/Sites/default/dw9ef4961b/2020/special-house-tiles/clearance.gif
GCS bucket,blank,,,wall-decor,,https://www.athome.com/on/demandware.static/-/Sites/default/dwb39e0d40/2020/special-house-tiles/new-products.gif,means what?,https://www.athome.com/on/demandware.static/-/Sites/default/dwb39e0d40/2020/special-house-tiles/new-products.gif
GCS bucket,blank,124313408,124313408,wall-decor,36X24 CANVAS WALL ART,https://www.athome.com/dw/image/v2/AAYZ_PRD/on/demandware.static/-/Sites-AtHome/default/dw19c740d2/images/124313408.jpg?sw=740&sh=740&sm=fit,means what?,https://www.athome.com/dw/image/v2/AAYZ_PRD/on/demandware.static/-/Sites-AtHome/default/dw19c740d2/images/124313408.jpg?sw=740&sh=740&sm=fit
GCS bucket,blank,124311473,124311473,wall-decor,ACCENT UNDER GLASS 15X12,https://www.athome.com/dw/image/v2/AAYZ_PRD/on/demandware.static/-/Sites-AtHome/default/dw22d875f7/images/124311473.jpg?sw=740&sh=740&sm=fit,means what?,https://www.athome.com/dw/image/v2/AAYZ_PRD/on/demandware.static/-/Sites-AtHome/default/dw22d875f7/images/124311473.jpg?sw=740&sh=740&sm=fit
GCS bucket,blank,124313405,124313405,wall-decor,35X35 CANVAS WALL ART,https://www.athome.com/dw/image/v2/AAYZ_PRD/on/demandware.static/-/Sites-AtHome/default/dw53500ed7/images/124313405.jpg?sw=740&sh=740&sm=fit,means what?,https://www.athome.com/dw/image/v2/AAYZ_PRD/on/demandware.static/-/Sites-AtHome/default/dw53500ed7/images/124313405.jpg?sw=740&sh=740&sm=fit
GCS bucket,blank,124311470,124311470,wall-decor,Prance IV Wall Art Framed Under Glass,https://www.athome.com/dw/image/v2/AAYZ_PRD/on/demandware.static/-/Sites-AtHome/default/dw029ccff2/images/124311470.jpg?sw=740&sh=740&sm=fit,means what?,https://www.athome.com/dw/image/v2/AAYZ_PRD/on/demandware.static/-/Sites-AtHome/default/dw029ccff2/images/124311470.jpg?sw=740&sh=740&sm=fit
GCS bucket,blank,124311480,124311480,wall-decor,GA CANVAS WALL ART 41X31,https://www.athome.com/dw/image/v2/AAYZ_PRD/on/demandware.static/-/Sites-AtHome/default/dwa997158f/images/124311480.jpg?sw=740&sh=740&sm=fit,means what?,https://www.athome.com/dw/image/v2/AAYZ_PRD/on/demandware.static/-/Sites-AtHome/default/dwa997158f/images/124311480.jpg?sw=740&sh=740&sm=fit
GCS bucket,blank,124313774,124313774,wall-decor,20X28 CANVAS WALL ART,https://www.athome.com/dw/image/v2/AAYZ_PRD/on/demandware.static/-/Sites-AtHome/default/dwc3246054/images/124313774.jpg?sw=740&sh=740&sm=fit,means what?,https://www.athome.com/dw/image/v2/AAYZ_PRD/on/demandware.static/-/Sites-AtHome/default/dwc3246054/images/124313774.jpg?sw=740&sh=740&sm=fit
GCS bucket,blank,124313765,124313765,wall-decor,24X24 CANVAS WALL ART,https://www.athome.com/dw/image/v2/AAYZ_PRD/on/demandware.static/-/Sites-AtHome/default/dw5bddf8af/images/124313765.jpg?sw=740&sh=740&sm=fit,means what?,https://www.athome.com/dw/image/v2/AAYZ_PRD/on/demandware.static/-/Sites-AtHome/default/dw5bddf8af/images/124313765.jpg?sw=740&sh=740&sm=fit
GCS bucket,blank,124311471,124311471,wall-decor,“Market Fresh” Wooden Wall Sign,https://www.athome.com/dw/image/v2/AAYZ_PRD/on/demandware.static/-/Sites-AtHome/default/dwc2d1c074/images/124311471.jpg?sw=740&sh=740&sm=fit,means what?,https://www.athome.com/dw/image/v2/AAYZ_PRD/on/demandware.static/-/Sites-AtHome/default/dwc2d1c074/images/124311471.jpg?sw=740&sh=740&sm=fit
GCS bucket,blank,124311464,124311464,wall-decor,10X10 CANVAS WALL ART,https://www.athome.com/dw/image/v2/AAYZ_PRD/on/demandware.static/-/Sites-AtHome/default/dwbc1cf430/images/124311464.jpg?sw=740&sh=740&sm=fit,means what?,https://www.athome.com/dw/image/v2/AAYZ_PRD/on/demandware.static/-/Sites-AtHome/default/dwbc1cf430/images/124311464.jpg?sw=740&sh=740&sm=fit
GCS bucket,blank,124311477,124311477,wall-decor,ALTERNATIVE ACCENT WOOD 9X21,https://www.athome.com/dw/image/v2/AAYZ_PRD/on/demandware.static/-/Sites-AtHome/default/dw39a65e4f/images/124311477.jpg?sw=740&sh=740&sm=fit,means what?,https://www.athome.com/dw/image/v2/AAYZ_PRD/on/demandware.static/-/Sites-AtHome/default/dw39a65e4f/images/124311477.jpg?sw=740&sh=740&sm=fit
GCS bucket,blank,124311975,124311975,wall-decor,11X14 ART UNDER GLASS,https://www.athome.com/dw/image/v2/AAYZ_PRD/on/demandware.static/-/Sites-AtHome/default/dw947822dc/images/124311975.jpg?sw=740&sh=740&sm=fit,means what?,https://www.athome.com/dw/image/v2/AAYZ_PRD/on/demandware.static/-/Sites-AtHome/default/dw947822dc/images/124311975.jpg?sw=740&sh=740&sm=fit
GCS bucket,blank,124298832,124298832,wall-decor,Autumn Trees and Lake Canvas Wall Art,https://www.athome.com/dw/image/v2/AAYZ_PRD/on/demandware.static/-/Sites-AtHome/default/dw844a9781/images/124298832.jpg?sw=740&sh=740&sm=fit,means what?,https://www.athome.com/dw/image/v2/AAYZ_PRD/on/demandware.static/-/Sites-AtHome/default/dw844a9781/images/124298832.jpg?sw=740&sh=740&sm=fit
GCS bucket,blank,124313771,124313771,wall-decor,16X16 CANVAS WALL ART,https://www.athome.com/dw/image/v2/AAYZ_PRD/on/demandware.static/-/Sites-AtHome/default/dw7e010213/images/124313771.jpg?sw=740&sh=740&sm=fit,means what?,https://www.athome.com/dw/image/v2/AAYZ_PRD/on/demandware.static/-/Sites-AtHome/default/dw7e010213/images/124313771.jpg?sw=740&sh=740&sm=fit
GCS bucket,blank,124313766,124313766,wall-decor,30X30 CANVAS WALL ART,https://www.athome.com/dw/image/v2/AAYZ_PRD/on/demandware.static/-/Sites-AtHome/default/dwd4e80b9d/images/124313766.jpg?sw=740&sh=740&sm=fit,means what?,https://www.athome.com/dw/image/v2/AAYZ_PRD/on/demandware.static/-/Sites-AtHome/default/dwd4e80b9d/images/124313766.jpg?sw=740&sh=740&sm=fit
GCS bucket,blank,124302110,124302110,wall-decor,SA TEX 21X25 BLUE FLORALS,https://www.athome.com/dw/image/v2/AAYZ_PRD/on/demandware.static/-/Sites-AtHome/default/dw7bfa709c/images/124302110.jpg?sw=740&sh=740&sm=fit,means what?,https://www.athome.com/dw/image/v2/AAYZ_PRD/on/demandware.static/-/Sites-AtHome/default/dw7bfa709c/images/124302110.jpg?sw=740&sh=740&sm=fit
GCS bucket,blank,124311463,124311463,wall-decor,10X10 CANVAS WALL ART,https://www.athome.com/dw/image/v2/AAYZ_PRD/on/demandware.static/-/Sites-AtHome/default/dwfe361e2f/images/124311463.jpg?sw=740&sh=740&sm=fit,means what?,https://www.athome.com/dw/image/v2/AAYZ_PRD/on/demandware.static/-/Sites-AtHome/default/dwfe361e2f/images/124311463.jpg?sw=740&sh=740&sm=fit
GCS bucket,blank,124297537,124297537,wall-decor,SA TEX 20X16 TREE BLOSSOMS,https://www.athome.com/dw/image/v2/AAYZ_PRD/on/demandware.static/-/Sites-AtHome/default/dw9ecda733/images/124297537.jpg?sw=740&sh=740&sm=fit,means what?,https://www.athome.com/dw/image/v2/AAYZ_PRD/on/demandware.static/-/Sites-AtHome/default/dw9ecda733/images/124297537.jpg?sw=740&sh=740&sm=fit
GCS bucket,blank,124313411,124313411,wall-decor,20X40 CANVAS WALL ART,https://www.athome.com/dw/image/v2/AAYZ_PRD/on/demandware.static/-/Sites-AtHome/default/dwbbd023eb/images/124313411.jpg?sw=740&sh=740&sm=fit,means what?,https://www.athome.com/dw/image/v2/AAYZ_PRD/on/demandware.static/-/Sites-AtHome/default/dwbbd023eb/images/124313411.jpg?sw=740&sh=740&sm=fit
GCS bucket,blank,124313773,124313773,wall-decor,20X28 CANVAS WALL ART,https://www.athome.com/dw/image/v2/AAYZ_PRD/on/demandware.static/-/Sites-AtHome/default/dw724316cb/images/124313773.jpg?sw=740&sh=740&sm=fit,means what?,https://www.athome.com/dw/image/v2/AAYZ_PRD/on/demandware.static/-/Sites-AtHome/default/dw724316cb/images/124313773.jpg?sw=740&sh=740&sm=fit
GCS bucket,blank,124313902,124313902,wall-decor,12X16 CANVAS WALL ART,https://www.athome.com/dw/image/v2/AAYZ_PRD/on/demandware.static/-/Sites-AtHome/default/dw4a11f186/images/124313902.jpg?sw=740&sh=740&sm=fit,means what?,https://www.athome.com/dw/image/v2/AAYZ_PRD/on/demandware.static/-/Sites-AtHome/default/dw4a11f186/images/124313902.jpg?sw=740&sh=740&sm=fit
GCS bucket,blank,124306733,124306733,wall-decor,41X31 FRAMED CANVAS ART,https://www.athome.com/dw/image/v2/AAYZ_PRD/on/demandware.static/-/Sites-AtHome/default/dw98d36299/images/124306733.jpg?sw=740&sh=740&sm=fit,means what?,https://www.athome.com/dw/image/v2/AAYZ_PRD/on/demandware.static/-/Sites-AtHome/default/dw98d36299/images/124306733.jpg?sw=740&sh=740&sm=fit
GCS bucket,blank,124310142,124310142,wall-decor,Grace Mitchell Floral Wall Art Set,https://www.athome.com/dw/image/v2/AAYZ_PRD/on/demandware.static/-/Sites-AtHome/default/dwcbea29e9/images/124310142.jpg?sw=740&sh=740&sm=fit,means what?,https://www.athome.com/dw/image/v2/AAYZ_PRD/on/demandware.static/-/Sites-AtHome/default/dwcbea29e9/images/124310142.jpg?sw=740&sh=740&sm=fit
GCS bucket,blank,124296303,124296303,wall-decor,Blue/Gold Abstract Textured Canvas Wall Art,https://www.athome.com/dw/image/v2/AAYZ_PRD/on/demandware.static/-/Sites-AtHome/default/dw7b9552b1/images/124296303.jpg?sw=740&sh=740&sm=fit,means what?,https://www.athome.com/dw/image/v2/AAYZ_PRD/on/demandware.static/-/Sites-AtHome/default/dw7b9552b1/images/124296303.jpg?sw=740&sh=740&sm=fit
GCS bucket,blank,124313412,124313412,wall-decor,40X30 CANVAS WALL ART,https://www.athome.com/dw/image/v2/AAYZ_PRD/on/demandware.static/-/Sites-AtHome/default/dwff021a57/images/124313412.jpg?sw=740&sh=740&sm=fit,means what?,https://www.athome.com/dw/image/v2/AAYZ_PRD/on/demandware.static/-/Sites-AtHome/default/dwff021a57/images/124313412.jpg?sw=740&sh=740&sm=fit
GCS bucket,blank,124313904,124313904,wall-decor,12X16 CANVAS WALL ART,https://www.athome.com/dw/image/v2/AAYZ_PRD/on/demandware.static/-/Sites-AtHome/default/dw4c9481d1/images/124313904.jpg?sw=740&sh=740&sm=fit,means what?,https://www.athome.com/dw/image/v2/AAYZ_PRD/on/demandware.static/-/Sites-AtHome/default/dw4c9481d1/images/124313904.jpg?sw=740&sh=740&sm=fit
GCS bucket,blank,124313770,124313770,wall-decor,12X16 CANVAS WALL ART,https://www.athome.com/dw/image/v2/AAYZ_PRD/on/demandware.static/-/Sites-AtHome/default/dwcd46fa0d/images/124313770.jpg?sw=740&sh=740&sm=fit,means what?,https://www.athome.com/dw/image/v2/AAYZ_PRD/on/demandware.static/-/Sites-AtHome/default/dwcd46fa0d/images/124313770.jpg?sw=740&sh=740&sm=fit
GCS bucket,blank,124301318,124301318,wall-decor,TAPESTRY 48X48SERENE DREAM,https://www.athome.com/dw/image/v2/AAYZ_PRD/on/demandware.static/-/Sites-AtHome/default/dwee6c644c/images/124301318.jpg?sw=740&sh=740&sm=fit,means what?,https://www.athome.com/dw/image/v2/AAYZ_PRD/on/demandware.static/-/Sites-AtHome/default/dwee6c644c/images/124301318.jpg?sw=740&sh=740&sm=fit
GCS bucket,blank,124313903,124313903,wall-decor,12X16 CANVAS WALL ART,https://www.athome.com/dw/image/v2/AAYZ_PRD/on/demandware.static/-/Sites-AtHome/default/dw635fb030/images/124313903.jpg?sw=740&sh=740&sm=fit,means what?,https://www.athome.com/dw/image/v2/AAYZ_PRD/on/demandware.static/-/Sites-AtHome/default/dw635fb030/images/124313903.jpg?sw=740&sh=740&sm=fit
GCS bucket,blank,124313410,124313410,wall-decor,16X16 CANVAS WALL ART,https://www.athome.com/dw/image/v2/AAYZ_PRD/on/demandware.static/-/Sites-AtHome/default/dwf4513f34/images/124313410.jpg?sw=740&sh=740&sm=fit,means what?,https://www.athome.com/dw/image/v2/AAYZ_PRD/on/demandware.static/-/Sites-AtHome/default/dwf4513f34/images/124313410.jpg?sw=740&sh=740&sm=fit
GCS bucket,blank,124313910,124313910,wall-decor,17X14 PRINTED WALL ART,https://www.athome.com/dw/image/v2/AAYZ_PRD/on/demandware.static/-/Sites-AtHome/default/dwd46e32a3/images/124313910.jpg?sw=740&sh=740&sm=fit,means what?,https://www.athome.com/dw/image/v2/AAYZ_PRD/on/demandware.static/-/Sites-AtHome/default/dwd46e32a3/images/124313910.jpg?sw=740&sh=740&sm=fit
GCS bucket,blank,,,wall-decor,,https://www.athome.com/on/demandware.static/-/Library-Sites-AtHomeLibrary/default/dw1a8176be/images/2019/credit-card/2019-10-31-HomepageBanner-M.jpg,means what?,https://www.athome.com/on/demandware.static/-/Library-Sites-AtHomeLibrary/default/dw1a8176be/images/2019/credit-card/2019-10-31-HomepageBanner-M.jpg
GCS bucket,blank,,,wall-decor,,https://www.athome.com/on/demandware.static/-/Library-Sites-AtHomeLibrary/default/dwd6dc4924/2020/Loyalty/credit-card-footer/credit-card-footer.png,means what?,https://www.athome.com/on/demandware.static/-/Library-Sites-AtHomeLibrary/default/dwd6dc4924/2020/Loyalty/credit-card-footer/credit-card-footer.png
GCS bucket,blank,,,wall-decor,,https://www.athome.com/on/demandware.static/-/Library-Sites-AtHomeLibrary/default/dwf082b33d/images/2019/about-us/athome.jpg,means what?,https://www.athome.com/on/demandware.static/-/Library-Sites-AtHomeLibrary/default/dwf082b33d/images/2019/about-us/athome.jpg
